ticker,period,eps_actual,eps_forecast,transcript_path,cosine,nnw
BOEING CO,2.0,0.92,0.91,transcripts_by_company/Boeing_Company_2002Q2.txt,0.6377329230308533,0.6811335384845734
BOEING CO,4.0,0.71,0.82,transcripts_by_company/The_Boeing_Company_2002Q4.txt,0.5643320083618164,0.7178339958190918
BOEING CO,1.0,0.42,0.66,transcripts_by_company/Boeing_Company_2003Q1.txt,0.5834609270095825,0.5756647803566672
BOEING CO,3.0,0.32,0.48,transcripts_by_company/The_Boeing_Company_2003Q3.txt,0.577839732170105,0.6147735118865968
BOEING CO,4.0,0.5,0.51,transcripts_by_company/The_Boeing_Company_2003Q4.txt,0.5019128918647766,0.7490435540676117
BOEING CO,1.0,0.77,0.43,transcripts_by_company/Boeing_Company_2004Q1.txt,0.6153938174247742,0.02681907942128725
BOEING CO,2.0,0.75,0.46,transcripts_by_company/The_Boeing_Company_2004Q2.txt,0.6971274018287659,0.12101327595503442
BOEING CO,3.0,0.56,0.44,transcripts_by_company/The_Boeing_Company_2004Q3.txt,0.6859859228134155,0.6258258602835913
BOEING CO,4.0,0.23,0.54,transcripts_by_company/The_Boeing_Company_2004Q4.txt,0.6204259395599365,0.28765910643118386
BOEING CO,1.0,0.66,0.55,transcripts_by_company/The_Boeing_Company_2005Q1.txt,0.5344992280006409,0.7327503859996796
BOEING CO,2.0,0.7,0.64,transcripts_by_company/Boeing_Company_2005Q2.txt,0.5596736669540405,0.7201631665229797
BOEING CO,3.0,1.26,0.65,transcripts_by_company/The_Boeing_Company_2005Q3.txt,0.6479143500328064,0.0
BOEING CO,4.0,0.58,0.68,transcripts_by_company/The_Boeing_Company_2005Q4.txt,0.5809852480888367,0.7095073759555817
BOEING CO,1.0,0.88,0.71,transcripts_by_company/The_Boeing_Company_2006Q1.txt,0.6564889550209045,0.6717555224895477
BOEING CO,2.0,-0.21,0.85,transcripts_by_company/The_Boeing_Company_2006Q2.txt,0.4812791049480438,0.037441790103912354
BOEING CO,3.0,0.89,0.83,transcripts_by_company/The_Boeing_Company_2006Q3.txt,0.5844776034355164,0.7077611982822418
BOEING CO,4.0,1.29,1.01,transcripts_by_company/Boeing_Company_2006Q4.txt,0.6755194664001465,0.6254545532830871
BOEING CO,1.0,1.12,1.06,transcripts_by_company/Boeing_Company_2007Q1.txt,0.5876129269599915,0.7061935365200043
BOEING CO,2.0,1.35,1.18,transcripts_by_company/The_Boeing_Company_2007Q2.txt,0.6250077486038208,0.6874961256980896
BOEING CO,3.0,1.43,1.24,transcripts_by_company/The_Boeing_Company_2007Q3.txt,0.5671083927154541,0.716445803642273
BOEING CO,4.0,1.35,1.41,transcripts_by_company/The_Boeing_Company_2007Q4.txt,0.5597746968269348,0.7201126515865326
BOEING CO,1.0,1.61,1.39,transcripts_by_company/The_Boeing_Company_2008Q1.txt,0.7117491364479065,0.6441254317760468
BOEING CO,2.0,1.16,1.5,transcripts_by_company/The_Boeing_Company_2008Q2.txt,0.5722752809524536,0.7138623595237732
BOEING CO,3.0,0.94,1.51,transcripts_by_company/The_Boeing_Company_2008Q3.txt,0.5701541900634766,0.5695524657798918
BOEING CO,4.0,-0.08,1.54,transcripts_by_company/The_Boeing_Company_2008Q4.txt,0.5872783064842224,0.0
BOEING CO,1.0,0.87,1.57,transcripts_by_company/The_Boeing_Company_2009Q1.txt,0.5411784052848816,0.5174205303192139
BOEING CO,2.0,1.41,1.38,transcripts_by_company/The_Boeing_Company_2009Q2.txt,0.48881620168685913,0.7555918991565704
BOEING CO,3.0,-2.22,1.25,transcripts_by_company/Boeing_Company_2009Q3.txt,0.47616612911224365,0.047667741775512695
BOEING CO,4.0,1.77,1.25,transcripts_by_company/Boeing_Company_2009Q4.txt,0.6759883761405945,0.4375776710510253
BOEING CO,1.0,0.7,1.14,transcripts_by_company/The_Boeing_Company_2010Q1.txt,0.43876874446868896,0.6613013200592577
BOEING CO,2.0,1.06,1.11,transcripts_by_company/The_Boeing_Company_2010Q2.txt,0.4595254063606262,0.7702372968196869
BOEING CO,3.0,1.12,1.02,transcripts_by_company/The_Boeing_Company_2010Q3.txt,0.6221848726272583,0.6889075636863708
BOEING CO,4.0,1.11,1.13,transcripts_by_company/The_Boeing_Company_2010Q4.txt,0.5381417274475098,0.7309291362762451
BOEING CO,1.0,0.78,1.06,transcripts_by_company/The_Boeing_Company_2011Q1.txt,0.5348716378211975,0.717426304547292
BOEING CO,2.0,1.25,1.05,transcripts_by_company/The_Boeing_Company_2011Q2.txt,0.5289448499679565,0.7355275750160217
BOEING CO,3.0,1.46,1.14,transcripts_by_company/The_Boeing_Company_2011Q3.txt,0.6652339100837708,0.6265353487249006
BOEING CO,4.0,1.31,1.26,transcripts_by_company/The_Boeing_Company_2011Q4.txt,0.5751546025276184,0.7124226987361908
BOEING CO,1.0,1.22,1.2,transcripts_by_company/The_Boeing_Company_2012Q1.txt,0.5507655739784241,0.724617213010788
BOEING CO,2.0,1.27,1.2,transcripts_by_company/Boeing_Co_2012Q2.txt,0.6167631149291992,0.6916184425354004
BOEING CO,3.0,1.35,1.18,transcripts_by_company/The_Boeing_Company_2012Q3.txt,0.5657652020454407,0.7171173989772797
BOEING CO,4.0,1.28,1.15,transcripts_by_company/The_Boeing_Company_2012Q4.txt,0.5524161458015442,0.7237919270992279
BOEING CO,1.0,1.73,1.27,transcripts_by_company/The_Boeing_Company_2013Q1.txt,0.6219431757926941,0.5494584868273397
BOEING CO,2.0,1.67,1.28,transcripts_by_company/The_Boeing_Company_2013Q2.txt,0.5537919402122498,0.6625330364331603
BOEING CO,3.0,1.8,1.61,transcripts_by_company/The_Boeing_Company_2013Q3.txt,0.6373286843299866,0.6813356578350067
BOEING CO,4.0,1.88,1.65,transcripts_by_company/The_Boeing_Company_2013Q4.txt,0.5334768891334534,0.7332615554332733
BOEING CO,1.0,1.76,1.74,transcripts_by_company/Boeing_Co_2014Q1.txt,0.610856294631958,0.694571852684021
BOEING CO,2.0,2.24,1.88,transcripts_by_company/The_Boeing_Company_2014Q2.txt,0.5639594793319702,0.7180202603340149
BOEING CO,3.0,2.14,1.92,transcripts_by_company/The_Boeing_Company_2014Q3.txt,0.6224411725997925,0.6887794137001038
BOEING CO,1.0,1.97,2.04,transcripts_by_company/Boeing_Company_2015Q1.txt,0.5336783528327942,0.7331608235836029
BOEING CO,2.0,1.62,2.15,transcripts_by_company/The_Boeing_Company_2015Q2.txt,0.548561155796051,0.7257194221019745
BOEING CO,1.0,1.74,2.16,transcripts_by_company/The_Boeing_Company_2016Q1.txt,0.5110557079315186,0.7444721460342407
BOEING CO,2.0,-0.44,2.32,transcripts_by_company/The_Boeing_Company_2016Q2.txt,0.47506752610206604,0.04986494779586792
BOEING CO,3.0,3.51,2.24,transcripts_by_company/The_Boeing_Company_2016Q3.txt,0.6884011030197144,0.2194023206830028
BOEING CO,4.0,2.47,2.27,transcripts_by_company/The_Boeing_Company_2016Q4.txt,0.6344903111457825,0.6827548444271088
BOEING CO,1.0,2.01,2.16,transcripts_by_company/Boeing_Company_2017Q1.txt,0.5981797575950623,0.7009101212024689
BOEING CO,2.0,2.55,2.29,transcripts_by_company/The_Boeing_Company_2017Q2.txt,0.6128522157669067,0.6935738921165466
BOEING CO,3.0,2.72,2.47,transcripts_by_company/The_Boeing_Company_2017Q3.txt,0.6405336856842041,0.679733157157898
BOEING CO,4.0,3.06,2.65,transcripts_by_company/The_Boeing_Company_2017Q4.txt,0.642139196395874,0.678930401802063
BOEING CO,1.0,3.64,2.49,transcripts_by_company/The_Boeing_Company_2018Q1.txt,0.6450660824775696,0.4041558274303575
BOEING CO,2.0,3.33,2.96,transcripts_by_company/The_Boeing_Company_2018Q2.txt,0.5689424872398376,0.7155287563800812
BOEING CO,3.0,3.58,3.83,transcripts_by_company/The_Boeing_Company_2018Q3.txt,0.4816625118255615,0.7591687440872192
BOEING CO,4.0,5.48,3.97,transcripts_by_company/The_Boeing_Company_2018Q4.txt,0.6801357865333557,0.48261710948848
BOEING CO,1.0,3.16,4.03,transcripts_by_company/The_Boeing_Company_2019Q1.txt,0.5060279965400696,0.7469860017299652
BOEING CO,2.0,-5.82,4.33,transcripts_by_company/The_Boeing_Company_2019Q2.txt,0.6230323314666748,0.0
BOEING CO,3.0,1.45,4.57,transcripts_by_company/The_Boeing_Company_2019Q3.txt,0.5564229488372803,0.2402452514781993
BOEING CO,4.0,-2.33,5.02,transcripts_by_company/The_Boeing_Company_2019Q4.txt,0.6003761887550354,0.0
BOEING CO,1.0,-1.7,5.14,transcripts_by_company/The_Boeing_Company_2020Q1.txt,0.6200878024101257,0.0
BOEING CO,2.0,-4.79,3.81,transcripts_by_company/The_Boeing_Company_2020Q2.txt,0.6062195897102356,0.0
BOEING CO,3.0,-1.39,-0.09,transcripts_by_company/The_Boeing_Company_2020Q3.txt,0.5787861347198486,0.0
BOEING CO,4.0,-4.19,-0.17,transcripts_by_company/The_Boeing_Company_2020Q4.txt,0.6058393120765686,0.0
BOEING CO,1.0,-1.53,0.02,transcripts_by_company/The_Boeing_Company_2021Q1.txt,0.623091459274292,0.0
BOEING CO,2.0,0.4,0.15,transcripts_by_company/The_Boeing_Company_2021Q2.txt,0.5555675625801086,0.0
BOEING CO,3.0,-0.6,0.23,transcripts_by_company/The_Boeing_Company_2021Q3.txt,0.6237102746963501,0.0
BOEING CO,4.0,-7.69,0.59,transcripts_by_company/The_Boeing_Company_2021Q4.txt,0.643843412399292,0.0
BOEING CO,1.0,-2.75,1.43,transcripts_by_company/The_Boeing_Company_2022Q1.txt,0.6163470149040222,0.0
BOEING CO,2.0,-0.37,1.06,transcripts_by_company/The_Boeing_Company_2022Q2.txt,0.5433437824249268,0.0
BOEING CO,3.0,-6.18,1.15,transcripts_by_company/The_Boeing_Company_2022Q3.txt,0.6066588163375854,0.0
BOEING CO,4.0,-1.75,1.2,transcripts_by_company/The_Boeing_Company_2022Q4.txt,0.5885465145111084,0.0
BOEING CO,1.0,-1.27,0.33,transcripts_by_company/The_Boeing_Company_2023Q1.txt,0.6225722432136536,0.0
BOEING CO,2.0,-0.82,0.45,transcripts_by_company/The_Boeing_Company_2023Q2.txt,0.43654873967170715,0.1269025206565857
BOEING CO,3.0,-3.26,0.12,transcripts_by_company/The_Boeing_Company_2023Q3.txt,0.6305597424507141,0.0
BOEING CO,4.0,-0.47,0.61,transcripts_by_company/The_Boeing_Company_2023Q4.txt,0.6344437003135681,0.0
CABOT CORP,4.0,0.48,0.51,transcripts_by_company/Cabot_Corp_2002Q4.txt,0.5169057846069336,0.7415471076965332
CABOT CORP,1.0,0.54,0.47,transcripts_by_company/Cabot_2003Q1.txt,0.640358030796051,0.6798209846019745
CABOT CORP,2.0,0.42,0.5,transcripts_by_company/Cabot_Corporation_2003Q2.txt,0.5694307088851929,0.7152846455574036
CABOT CORP,3.0,0.33,0.44,transcripts_by_company/Cabot_Microelectronics_2003Q3.txt,0.5372524857521057,0.7313737571239471
CABOT CORP,4.0,0.44,0.51,transcripts_by_company/Cabot_Microelectronics_2003Q4.txt,0.541210949420929,0.7293945252895355
CABOT CORP,1.0,0.56,0.47,transcripts_by_company/Cabot_Microelectronics_2004Q1.txt,0.6145659685134888,0.6927170157432556
CABOT CORP,2.0,0.61,0.51,transcripts_by_company/Cabot_Microelectronics_2004Q2.txt,0.5856560468673706,0.7071719765663147
CABOT CORP,3.0,0.39,0.51,transcripts_by_company/Cabot_Microelectronics_2004Q3.txt,0.5967891216278076,0.7016054391860962
CABOT CORP,4.0,0.51,0.53,transcripts_by_company/Cabot_Corporation_2004Q4.txt,0.5331645607948303,0.7334177196025848
CABOT CORP,1.0,0.62,0.66,transcripts_by_company/Cabot_Corporation_2005Q1.txt,0.5359034538269043,0.7320482730865479
CABOT CORP,2.0,0.43,0.67,transcripts_by_company/Cabot_Oil_and_Gas_Corporation_2005Q2.txt,0.6369575262069702,0.5436722200308273
CABOT CORP,3.0,0.17,0.49,transcripts_by_company/Cabot_Oil_and_Gas_Corporation_2005Q3.txt,0.6309227347373962,0.17593765258789051
CABOT CORP,4.0,0.33,0.46,transcripts_by_company/Cabot_Corp_2005Q4.txt,0.5338330268859863,0.698268289151399
CABOT CORP,1.0,0.46,0.54,transcripts_by_company/Cabot_2006Q1.txt,0.5297288298606873,0.7351355850696564
CABOT CORP,2.0,0.39,0.56,transcripts_by_company/Cabot_Corporation_2006Q2.txt,0.5723788738250732,0.6524842551776341
CABOT CORP,3.0,0.43,0.37,transcripts_by_company/Cabot_2006Q3.txt,0.5960858464241028,0.7019570767879486
CABOT CORP,4.0,0.79,0.5,transcripts_by_company/Cabot_Microelectronics_2006Q4.txt,0.6266547441482544,0.2730804967880248
CABOT CORP,1.0,0.62,0.55,transcripts_by_company/Cabot_Corp_2007Q1.txt,0.5075652599334717,0.7462173700332642
CABOT CORP,2.0,0.35,0.53,transcripts_by_company/Cabot_Microelectronics_2007Q2.txt,0.5986440181732178,0.5933738744483803
CABOT CORP,3.0,0.36,0.47,transcripts_by_company/Cabot_Microelectronics_2007Q3.txt,0.5836766362190247,0.7081616818904877
CABOT CORP,4.0,0.23,0.51,transcripts_by_company/Cabot_Microelectronics_2007Q4.txt,0.641455888748169,0.2956562790216184
CABOT CORP,1.0,0.36,0.57,transcripts_by_company/Cabot_Microelectronics_2008Q1.txt,0.6024496555328369,0.5560897275021202
CABOT CORP,2.0,0.52,0.59,transcripts_by_company/Cabot_Microelectronics_2008Q2.txt,0.6012042164802551,0.6993978917598724
CABOT CORP,3.0,0.2,0.59,transcripts_by_company/Cabot_Microelectronics_2008Q3.txt,0.638342559337616,0.1560894978248467
CABOT CORP,4.0,0.08,0.43,transcripts_by_company/Cabot_Microelectronics_2008Q4.txt,0.6045622229576111,0.015828939371330786
CABOT CORP,1.0,-0.27,0.61,transcripts_by_company/Cabot_Microelectronics_2009Q1.txt,0.6322517395019531,0.0
CABOT CORP,2.0,0.06,0.38,transcripts_by_company/Cabot_Microelectronics_2009Q2.txt,0.6477810144424438,0.0
CABOT CORP,3.0,0.3,0.19,transcripts_by_company/Cabot_Microelectronics_2009Q3.txt,0.6458000540733337,0.25223151633613994
CABOT CORP,4.0,0.65,0.08,transcripts_by_company/Cabot_2009Q4.txt,0.6252924203872681,0.0
CABOT CORP,1.0,0.58,0.19,transcripts_by_company/Cabot_Microelectronics_2010Q1.txt,0.6701712012290955,0.0
CABOT CORP,2.0,0.95,0.38,transcripts_by_company/Cabot_Microelectronics_2010Q2.txt,0.6725990772247314,0.0
CABOT CORP,3.0,0.66,0.42,transcripts_by_company/Cabot_2010Q3.txt,0.6406828165054321,0.26779106685093457
CABOT CORP,4.0,0.78,0.53,transcripts_by_company/Cabot_Microelectronics_2010Q4.txt,0.6849223375320435,0.3538468513848647
CABOT CORP,1.0,0.81,0.7,transcripts_by_company/Cabot_Microelectronics_2011Q1.txt,0.6549525856971741,0.672523707151413
CABOT CORP,2.0,0.98,0.81,transcripts_by_company/Cabot_Corp_2011Q2.txt,0.6453120708465576,0.6773439645767212
CABOT CORP,3.0,0.53,0.77,transcripts_by_company/Cabot_Oil_and_Gas_Corporation_2011Q3.txt,0.5297126770019531,0.6697895000507306
CABOT CORP,4.0,0.63,0.84,transcripts_by_company/Cabot_Oil_and_Gas_Corporation_2011Q4.txt,0.5491217374801636,0.7254391312599182
CABOT CORP,1.0,0.96,0.74,transcripts_by_company/Cabot_Corporation_2012Q1.txt,0.7029369473457336,0.5820374907674017
CABOT CORP,2.0,1.0,0.87,transcripts_by_company/Cabot_Oil_and_Gas_Corporation_2012Q2.txt,0.6486987471580505,0.6756506264209747
CABOT CORP,3.0,0.75,0.73,transcripts_by_company/Cabot_Microelectronics_2012Q3.txt,0.6457967758178711,0.6771016120910645
CABOT CORP,4.0,0.66,0.71,transcripts_by_company/Cabot_Corporation_2012Q4.txt,0.5367212295532227,0.7316393852233887
CABOT CORP,1.0,0.63,1.14,transcripts_by_company/Cabot_Oil_and_Gas_Corporation_2013Q1.txt,0.5670797824859619,0.49261282619677094
CABOT CORP,2.0,0.84,1.15,transcripts_by_company/Cabot_Microelectronics_Corp_2013Q2.txt,0.5735119581222534,0.6908022486645242
CABOT CORP,3.0,0.78,0.8,transcripts_by_company/Cabot_Oil_and_Gas_Corporation_2013Q3.txt,0.5894631147384644,0.7052684426307678
CABOT CORP,4.0,0.86,0.85,transcripts_by_company/Cabot_Oil_and_Gas_Corporation_2013Q4.txt,0.529802143573761,0.7350989282131195
CABOT CORP,1.0,0.83,0.98,transcripts_by_company/Cabot_Microelectronics_2014Q1.txt,0.5639533996582031,0.7180233001708984
CABOT CORP,2.0,0.88,1.05,transcripts_by_company/Cabot_Oil_and_Gas_Corporation_2014Q2.txt,0.5406290888786316,0.7296854555606842
CABOT CORP,3.0,0.85,0.99,transcripts_by_company/Cabot_Oil_and_Gas_Corporation_2014Q3.txt,0.556970477104187,0.7215147614479065
CABOT CORP,4.0,0.8,0.94,transcripts_by_company/Cabot_Oil_and_Gas_Corporation_2014Q4.txt,0.5321054458618164,0.7339472770690918
CABOT CORP,1.0,0.53,1.0,transcripts_by_company/Cabot_Oil_and_Gas_Corporation_2015Q1.txt,0.5739430785179138,0.4604935061931611
CABOT CORP,2.0,0.64,0.97,transcripts_by_company/Cabot_Oil_and_Gas_Corporation_2015Q2.txt,0.6063960194587708,0.5874006465538262
CABOT CORP,3.0,0.78,0.89,transcripts_by_company/Cabot_Oil_and_Gas_Corporation_2015Q3.txt,0.505110502243042,0.747444748878479
CABOT CORP,4.0,0.51,0.75,transcripts_by_company/Cabot_Oil_and_Gas_Corporation_2015Q4.txt,0.5299760103225708,0.6608153533935547
CABOT CORP,1.0,0.7,0.75,transcripts_by_company/Cabot_Oil_and_Gas_Corporation_2016Q1.txt,0.5741449594497681,0.712927520275116
CABOT CORP,2.0,0.93,0.97,transcripts_by_company/Cabot_Oil_and_Gas_Corporation_2016Q2.txt,0.5652875900268555,0.7173562049865723
CABOT CORP,3.0,1.0,0.99,transcripts_by_company/Cabot_Oil_and_Gas_Corporation_2016Q3.txt,0.6073973774909973,0.6963013112545013
CABOT CORP,4.0,0.84,0.81,transcripts_by_company/Cabot_Oil_and_Gas_Corporation_2016Q4.txt,0.6606018543243408,0.6696990728378296
CABOT CORP,1.0,0.87,0.92,transcripts_by_company/Cabot_Oil_and_Gas_Corporation_2017Q1.txt,0.5821738243103027,0.7089130878448486
CABOT CORP,2.0,0.81,0.94,transcripts_by_company/Cabot_Oil_and_Gas_Corporation_2017Q2.txt,0.6017659902572632,0.6991170048713684
CABOT CORP,3.0,0.91,0.93,transcripts_by_company/Cabot_Oil_and_Gas_Corporation_2017Q3.txt,0.5840545892715454,0.7079727053642273
CABOT CORP,4.0,0.93,0.89,transcripts_by_company/Cabot_Oil_and_Gas_Corporation_2017Q4.txt,0.6242462396621704,0.6878768801689148
CABOT CORP,1.0,1.04,0.9,transcripts_by_company/Cabot_Oil_and_Gas_Corporation_2018Q1.txt,0.6197429895401001,0.69012850522995
CABOT CORP,2.0,1.06,1.01,transcripts_by_company/Cabot_Oil_and_Gas_Corporation_2018Q2.txt,0.6428423523902893,0.6785788238048553
CABOT CORP,3.0,1.0,1.11,transcripts_by_company/Cabot_Oil_and_Gas_Corporation_2018Q3.txt,0.5555217862129211,0.7222391068935394
CABOT CORP,4.0,0.87,1.13,transcripts_by_company/Cabot_Oil_and_Gas_Corporation_2018Q4.txt,0.5609455108642578,0.7195272445678711
CABOT CORP,1.0,0.99,1.21,transcripts_by_company/Cabot_Oil_and_Gas_Corporation_2019Q1.txt,0.5887135863304138,0.7056432068347931
CABOT CORP,2.0,1.0,1.23,transcripts_by_company/Cabot_Oil_and_Gas_Corporation_2019Q2.txt,0.6061211228370667,0.6969394385814667
CABOT CORP,3.0,1.05,1.3,transcripts_by_company/Cabot_Oil_and_Gas_Corporation_2019Q3.txt,0.5747813582420349,0.7126093208789825
CABOT CORP,4.0,0.69,1.16,transcripts_by_company/Cabot_Oil_and_Gas_Corporation_2019Q4.txt,0.5726445913314819,0.5359604173693163
CABOT CORP,1.0,0.77,1.1,transcripts_by_company/Cabot_Oil_and_Gas_Corporation_2020Q1.txt,0.5593445897102356,0.6643932461738586
CABOT CORP,2.0,-0.07,1.03,transcripts_by_company/Cabot_Oil_and_Gas_Corporation_2020Q2.txt,0.6303145289421082,0.0
CABOT CORP,3.0,0.68,0.57,transcripts_by_company/Cabot_Oil_and_Gas_Corporation_2020Q3.txt,0.6294736862182617,0.6852631568908691
CABOT CORP,4.0,1.18,0.5,transcripts_by_company/Cabot_Oil_and_Gas_Corporation_2020Q4.txt,0.655900776386261,0.0
CABOT CORP,1.0,1.38,0.72,transcripts_by_company/Cabot_Oil_and_Gas_Corporation_2021Q1.txt,0.6650356650352478,0.0
CABOT CORP,2.0,1.35,0.79,transcripts_by_company/Cabot_Oil_and_Gas_Corporation_2021Q2.txt,0.6014050245285034,0.1473751550988307
CABOT CORP,3.0,1.11,0.96,transcripts_by_company/Cabot_Oil_and_Gas_Corporation_2021Q3.txt,0.630954921245575,0.6845225393772125
CABOT CORP,4.0,1.29,1.19,transcripts_by_company/Cabot_Oil_and_Gas_Corporation_2021Q4.txt,0.6064224243164062,0.6967887878417969
CABOT CORP,2.0,1.73,1.47,transcripts_by_company/Cabot_Corporation_2022Q2.txt,0.6253679990768433,0.6873160004615784
CABOT CORP,3.0,1.55,1.58,transcripts_by_company/Cabot_Corporation_2022Q3.txt,0.5430892109870911,0.7284553945064545
CABOT CORP,4.0,0.98,1.5,transcripts_by_company/Cabot_Corporation_2022Q4.txt,0.5861386060714722,0.5936105664571125
CABOT CORP,1.0,1.33,1.93,transcripts_by_company/Cabot_Corporation_2023Q1.txt,0.5327630043029785,0.6687483911069565
CABOT CORP,2.0,1.42,1.88,transcripts_by_company/Cabot_Corporation_2023Q2.txt,0.570814847946167,0.7145925760269165
CABOT CORP,3.0,1.65,2.16,transcripts_by_company/Cabot_Corporation_2023Q3.txt,0.5318728685379028,0.7340635657310486
CABOT CORP,4.0,1.56,1.55,transcripts_by_company/Cabot_Corporation_CurrentQ4.txt,0.5806066393852234,0.7096966803073883
DONALDSON COMPANY INC,2.0,0.47,0.44,transcripts_by_company/Donaldson_Company_2002Q2.txt,0.6342640519142151,0.6828679740428925
DONALDSON COMPANY INC,4.0,0.5,0.49,transcripts_by_company/Donaldson_Company_Inc_2002Q4.txt,0.6224990487098694,0.6887504756450653
DONALDSON COMPANY INC,1.0,0.45,0.47,transcripts_by_company/Donaldson_Company_Inc_2003Q1.txt,0.5579605102539062,0.7210197448730469
DONALDSON COMPANY INC,2.0,0.56,0.52,transcripts_by_company/Donaldson_Company_Inc_2003Q2.txt,0.6153898239135742,0.6923050880432129
DONALDSON COMPANY INC,3.0,0.6,0.62,transcripts_by_company/Donaldson_Company_Inc_2003Q3.txt,0.6064106822013855,0.6967946588993073
DONALDSON COMPANY INC,4.0,0.56,0.55,transcripts_by_company/Donaldson_2003Q4.txt,0.6708637475967407,0.6645681262016296
DONALDSON COMPANY INC,1.0,0.56,0.52,transcripts_by_company/Donaldson_2004Q1.txt,0.6141690015792847,0.6929154992103577
DONALDSON COMPANY INC,2.0,0.33,0.61,transcripts_by_company/Donaldson_Company_2004Q2.txt,0.5911210775375366,0.45733146980160577
DONALDSON COMPANY INC,3.0,0.29,0.67,transcripts_by_company/Donaldson_Company_Inc_2004Q3.txt,0.6285136938095093,0.2870590935892132
DONALDSON COMPANY INC,2.0,0.36,0.36,transcripts_by_company/Donaldson_Company_2005Q2.txt,0.5992369651794434,0.7003815174102783
DONALDSON COMPANY INC,4.0,0.37,0.34,transcripts_by_company/Donaldson_2005Q4.txt,0.5977775454521179,0.701111227273941
DONALDSON COMPANY INC,1.0,0.32,0.35,transcripts_by_company/Donaldson_2006Q1.txt,0.562187135219574,0.718906432390213
DONALDSON COMPANY INC,2.0,0.43,0.4,transcripts_by_company/Donaldson_Company_Inc_2006Q2.txt,0.6059638261795044,0.6970180869102478
DONALDSON COMPANY INC,3.0,0.43,0.41,transcripts_by_company/Donaldson_2006Q3.txt,0.6549937129020691,0.6725031435489655
DONALDSON COMPANY INC,4.0,0.43,0.38,transcripts_by_company/Donaldson_2006Q4.txt,0.5923402905464172,0.7038298547267914
DONALDSON COMPANY INC,1.0,0.38,0.37,transcripts_by_company/Donaldson_Company_2007Q1.txt,0.6280918121337891,0.6859540939331055
DONALDSON COMPANY INC,2.0,0.49,0.45,transcripts_by_company/Donaldson_2007Q2.txt,0.5984237194061279,0.700788140296936
DONALDSON COMPANY INC,3.0,0.53,0.5,transcripts_by_company/Donaldson_2007Q3.txt,0.5812945365905762,0.7093527317047119
DONALDSON COMPANY INC,4.0,0.53,0.45,transcripts_by_company/Donaldson_Company_2007Q4.txt,0.6382266879081726,0.6808866560459137
DONALDSON COMPANY INC,1.0,0.42,0.43,transcripts_by_company/Donaldson_Company_2008Q1.txt,0.5090859532356262,0.7454570233821869
DONALDSON COMPANY INC,2.0,0.57,0.5,transcripts_by_company/Donaldson_Company_Inc_2008Q2.txt,0.6592319011688232,0.6703840494155884
DONALDSON COMPANY INC,3.0,0.6,0.6,transcripts_by_company/Donaldson_2008Q3.txt,0.5791174173355103,0.7104412913322449
DONALDSON COMPANY INC,4.0,0.6,0.56,transcripts_by_company/Donaldson_Company_2008Q4.txt,0.6254481077194214,0.6872759461402893
DONALDSON COMPANY INC,1.0,0.43,0.5,transcripts_by_company/Donaldson_Company_Inc_2009Q1.txt,0.5597113966941833,0.7201443016529083
DONALDSON COMPANY INC,2.0,0.34,0.55,transcripts_by_company/Donaldson_2009Q2.txt,0.5441354513168335,0.5844783826307816
DONALDSON COMPANY INC,3.0,0.3,0.57,transcripts_by_company/Donaldson_Company_Inc_2009Q3.txt,0.5371311902999878,0.49113887234737996
DONALDSON COMPANY INC,4.0,0.45,0.49,transcripts_by_company/Donaldson_Company_2009Q4.txt,0.4202083945274353,0.7898958027362823
DONALDSON COMPANY INC,1.0,0.44,0.35,transcripts_by_company/Donaldson_2010Q1.txt,0.5881137847900391,0.6975414821079797
DONALDSON COMPANY INC,2.0,0.65,0.4,transcripts_by_company/Donaldson_Company_Inc_2010Q2.txt,0.5813352465629578,0.2733309417963028
DONALDSON COMPANY INC,3.0,0.65,0.51,transcripts_by_company/Donaldson_2010Q3.txt,0.622786819934845,0.6580778243494969
DONALDSON COMPANY INC,4.0,0.68,0.54,transcripts_by_company/Donaldson_Company_Inc_2010Q4.txt,0.6178554892539978,0.6796304870534826
DONALDSON COMPANY INC,1.0,0.56,0.5,transcripts_by_company/Donaldson_2011Q1.txt,0.6532931327819824,0.6733534336090088
DONALDSON COMPANY INC,2.0,0.79,0.68,transcripts_by_company/Donaldson_Company_Inc_2011Q2.txt,0.6502103209495544,0.6748948395252228
DONALDSON COMPANY INC,3.0,0.84,0.76,transcripts_by_company/Donaldson_Company_Inc_2011Q3.txt,0.6203097105026245,0.6898451447486877
DONALDSON COMPANY INC,4.0,0.9,0.76,transcripts_by_company/Donaldson_Company_Inc_2011Q4.txt,0.5958324670791626,0.7020837664604187
DONALDSON COMPANY INC,1.0,0.7,0.72,transcripts_by_company/Donaldson_2012Q1.txt,0.5890680551528931,0.7054659724235535
DONALDSON COMPANY INC,2.0,0.46,0.86,transcripts_by_company/Donaldson_Company_Inc_2012Q2.txt,0.4961947798728943,0.5384234605833542
DONALDSON COMPANY INC,3.0,0.47,0.92,transcripts_by_company/Donaldson_Company_Inc_2012Q3.txt,0.5648290514945984,0.44744984092919715
DONALDSON COMPANY INC,4.0,0.36,0.45,transcripts_by_company/Donaldson_Company_Inc_2012Q4.txt,0.5375527739524841,0.7312236130237579
DONALDSON COMPANY INC,1.0,0.34,0.41,transcripts_by_company/Donaldson_Company_Inc_2013Q1.txt,0.43895748257637024,0.7805212587118149
DONALDSON COMPANY INC,2.0,0.46,0.51,transcripts_by_company/Donaldson_Company_Inc_2013Q2.txt,0.5155354738235474,0.7422322630882263
DONALDSON COMPANY INC,3.0,0.48,0.51,transcripts_by_company/Donaldson_Company_Inc_2013Q3.txt,0.5825960636138916,0.7087019681930542
DONALDSON COMPANY INC,4.0,0.41,0.4,transcripts_by_company/Donaldson_Company_2013Q4.txt,0.6323010325431824,0.6838494837284088
DONALDSON COMPANY INC,1.0,0.39,0.38,transcripts_by_company/Donaldson_Company_Inc_2014Q1.txt,0.63495272397995,0.682523638010025
DONALDSON COMPANY INC,2.0,0.46,0.49,transcripts_by_company/Donaldson_Company_Inc_2014Q2.txt,0.5824321508407593,0.7087839245796204
DONALDSON COMPANY INC,3.0,0.5,0.52,transcripts_by_company/Donaldson_Company_Inc_2014Q3.txt,0.5367668867111206,0.7316165566444397
DONALDSON COMPANY INC,4.0,0.4,0.47,transcripts_by_company/Donaldson_Company_Inc_2014Q4.txt,0.5699145197868347,0.7150427401065826
DONALDSON COMPANY INC,1.0,0.37,0.41,transcripts_by_company/Donaldson_Company_Inc_2015Q1.txt,0.5478192567825317,0.7260903716087341
DONALDSON COMPANY INC,2.0,0.36,0.52,transcripts_by_company/Donaldson_Company_Inc_2015Q2.txt,0.5304673910140991,0.6735585286067082
DONALDSON COMPANY INC,3.0,0.45,0.57,transcripts_by_company/Donaldson_Company_Inc_2015Q3.txt,0.5487327575683594,0.7256336212158203
DONALDSON COMPANY INC,4.0,0.34,0.41,transcripts_by_company/Donaldson_Company_Inc_2015Q4.txt,0.5642808079719543,0.7178595960140228
DONALDSON COMPANY INC,1.0,0.29,0.4,transcripts_by_company/Donaldson_Company_Inc_2016Q1.txt,0.5456227660179138,0.6999074786901474
DONALDSON COMPANY INC,2.0,0.43,0.4,transcripts_by_company/Donaldson_Company_Inc_2016Q2.txt,0.6281796097755432,0.6859101951122284
DONALDSON COMPANY INC,3.0,0.46,0.49,transcripts_by_company/Donaldson_Company_Inc_2016Q3.txt,0.58439040184021,0.707804799079895
DONALDSON COMPANY INC,4.0,0.38,0.36,transcripts_by_company/Donaldson_Company_2016Q4.txt,0.605391800403595,0.6973040997982025
DONALDSON COMPANY INC,1.0,0.35,0.3,transcripts_by_company/Donaldson_Company_Inc_2017Q1.txt,0.6158095598220825,0.6920952200889587
DONALDSON COMPANY INC,2.0,0.45,0.43,transcripts_by_company/Donaldson_Company_Inc_2017Q2.txt,0.6066229939460754,0.6966885030269623
DONALDSON COMPANY INC,3.0,0.51,0.48,transcripts_by_company/Donaldson_Company_Inc_2017Q3.txt,0.6529706120491028,0.6735146939754486
DONALDSON COMPANY INC,4.0,0.46,0.43,transcripts_by_company/Donaldson_Company_Inc_2017Q4.txt,0.6027520298957825,0.6986239850521088
DONALDSON COMPANY INC,1.0,0.43,0.38,transcripts_by_company/Donaldson_Company_Inc_2018Q1.txt,0.5901497602462769,0.7049251198768616
DONALDSON COMPANY INC,2.0,0.53,0.51,transcripts_by_company/Donaldson_Company_Inc_2018Q2.txt,0.6243830323219299,0.687808483839035
DONALDSON COMPANY INC,3.0,0.58,0.58,transcripts_by_company/Donaldson_Company_Inc_2018Q3.txt,0.6132831573486328,0.6933584213256836
DONALDSON COMPANY INC,4.0,0.56,0.55,transcripts_by_company/Donaldson_Company_Inc_2018Q4.txt,0.6203498244285583,0.6898250877857208
DONALDSON COMPANY INC,1.0,0.47,0.47,transcripts_by_company/Donaldson_Company_Inc_2019Q1.txt,0.5765324234962463,0.7117337882518768
DONALDSON COMPANY INC,2.0,0.58,0.62,transcripts_by_company/Donaldson_Company_Inc_2019Q2.txt,0.5738042593002319,0.713097870349884
DONALDSON COMPANY INC,3.0,0.61,0.7,transcripts_by_company/Donaldson_Company_Inc_2019Q3.txt,0.5517802834510803,0.7241098582744598
DONALDSON COMPANY INC,4.0,0.51,0.62,transcripts_by_company/Donaldson_Company_Inc_2019Q4.txt,0.6177578568458557,0.6911210715770721
DONALDSON COMPANY INC,1.0,0.5,0.52,transcripts_by_company/Donaldson_Company_Inc_2020Q1.txt,0.5735113620758057,0.7132443189620972
DONALDSON COMPANY INC,2.0,0.5,0.62,transcripts_by_company/Donaldson_Company_Inc_2020Q2.txt,0.5546702742576599,0.72266486287117
DONALDSON COMPANY INC,3.0,0.5,0.67,transcripts_by_company/Donaldson_Company_Inc_2020Q3.txt,0.6109182834625244,0.689981766601107
DONALDSON COMPANY INC,4.0,0.48,0.45,transcripts_by_company/Donaldson_Company_Inc_2020Q4.txt,0.6435234546661377,0.6782382726669312
DONALDSON COMPANY INC,1.0,0.52,0.46,transcripts_by_company/Donaldson_Company_Inc_2021Q1.txt,0.6222624778747559,0.6888687610626221
DONALDSON COMPANY INC,2.0,0.66,0.53,transcripts_by_company/Donaldson_Company_Inc_2021Q2.txt,0.6921731233596802,0.6539134383201599
DONALDSON COMPANY INC,3.0,0.66,0.59,transcripts_by_company/Donaldson_Company_Inc_2021Q3.txt,0.6131761074066162,0.6934119462966919
DONALDSON COMPANY INC,4.0,0.61,0.6,transcripts_by_company/Donaldson_Company_Inc_2021Q4.txt,0.6283283829689026,0.6858358085155487
DONALDSON COMPANY INC,1.0,0.57,0.67,transcripts_by_company/Donaldson_Company_Inc_2022Q1.txt,0.5454357862472534,0.7272821068763733
DONALDSON COMPANY INC,2.0,0.67,0.71,transcripts_by_company/Donaldson_Company_Inc_2022Q2.txt,0.5433533191680908,0.7283233404159546
DONALDSON COMPANY INC,3.0,0.84,0.75,transcripts_by_company/Donaldson_Company_Inc_2022Q3.txt,0.6297160983085632,0.6851419508457184
DONALDSON COMPANY INC,4.0,0.7,0.68,transcripts_by_company/Donaldson_Company_Inc_2022Q4.txt,0.6112402677536011,0.6943798661231995
DONALDSON COMPANY INC,1.0,0.75,0.68,transcripts_by_company/Donaldson_Company_Inc_2023Q1.txt,0.6220845580101013,0.6889577209949493
DONALDSON COMPANY INC,2.0,0.76,0.74,transcripts_by_company/Donaldson_Company_Inc_2023Q2.txt,0.5307400822639465,0.7346299588680267
DONALDSON COMPANY INC,3.0,0.78,0.83,transcripts_by_company/Donaldson_Company_Inc_2023Q3.txt,0.5213320255279541,0.739333987236023
DONALDSON COMPANY INC,4.0,0.75,0.76,transcripts_by_company/Donaldson_Company_Inc_2023Q4.txt,0.5859979391098022,0.7070010304450989
HUNTINGTON BANCSHARES INC,3.0,0.34,0.34,transcripts_by_company/Huntington_Bancshares_2002Q3.txt,0.5951882600784302,0.7024058699607849
HUNTINGTON BANCSHARES INC,2.0,0.37,0.37,transcripts_by_company/Huntington_Bancshares_2003Q2.txt,0.5632976293563843,0.7183511853218079
HUNTINGTON BANCSHARES INC,3.0,0.39,0.38,transcripts_by_company/Huntington_Bancshares_2003Q3.txt,0.6335548162460327,0.6832225918769836
HUNTINGTON BANCSHARES INC,1.0,0.45,0.39,transcripts_by_company/Huntington_Bancshares_2004Q1.txt,0.6107099652290344,0.6946450173854828
HUNTINGTON BANCSHARES INC,2.0,0.47,0.4,transcripts_by_company/Huntington_Bancshares_2004Q2.txt,0.6229333281517029,0.6885333359241486
HUNTINGTON BANCSHARES INC,3.0,0.4,0.42,transcripts_by_company/Huntington_Bancshares_2004Q3.txt,0.5577917098999023,0.7211041450500488
HUNTINGTON BANCSHARES INC,4.0,0.39,0.44,transcripts_by_company/Huntington_Bancshares_Incorporated_2004Q4.txt,0.5293934345245361,0.7353032827377319
HUNTINGTON BANCSHARES INC,1.0,0.41,0.45,transcripts_by_company/Huntington_Bancshares_2005Q1.txt,0.5850337743759155,0.7074831128120422
HUNTINGTON BANCSHARES INC,2.0,0.45,0.45,transcripts_by_company/Huntington_Bancshares_2005Q2.txt,0.5976955890655518,0.7011522054672241
HUNTINGTON BANCSHARES INC,3.0,0.47,0.45,transcripts_by_company/Huntington_Bancshares_2005Q3.txt,0.6071073412895203,0.6964463293552399
HUNTINGTON BANCSHARES INC,4.0,0.44,0.47,transcripts_by_company/Huntington_Bancshares_2005Q4.txt,0.5722127556800842,0.7138936221599579
HUNTINGTON BANCSHARES INC,1.0,0.45,0.46,transcripts_by_company/Huntington_Bancshares_2006Q1.txt,0.563300371170044,0.718349814414978
HUNTINGTON BANCSHARES INC,2.0,0.46,0.47,transcripts_by_company/Huntington_Bancshares_2006Q2.txt,0.5907967686653137,0.7046016156673431
HUNTINGTON BANCSHARES INC,3.0,0.46,0.46,transcripts_by_company/Huntington_Bancshares_2006Q3.txt,0.5956587791442871,0.7021706104278564
HUNTINGTON BANCSHARES INC,4.0,0.46,0.46,transcripts_by_company/Huntington_Bancshares_2006Q4.txt,0.5291184186935425,0.7354407906532288
HUNTINGTON BANCSHARES INC,1.0,0.4,0.45,transcripts_by_company/Huntington_Bancshares_2007Q1.txt,0.5474534630775452,0.7262732684612274
HUNTINGTON BANCSHARES INC,2.0,0.34,0.47,transcripts_by_company/Huntington_Bancshares_2007Q2.txt,0.5709596276283264,0.6841499932268833
HUNTINGTON BANCSHARES INC,3.0,0.38,0.47,transcripts_by_company/Huntington_Bancshares_Inc_2007Q3.txt,0.5421565771102905,0.7289217114448547
HUNTINGTON BANCSHARES INC,4.0,-0.65,0.46,transcripts_by_company/Huntington_Bancshares_2007Q4.txt,0.5786009430885315,0.0
HUNTINGTON BANCSHARES INC,1.0,0.35,0.45,transcripts_by_company/Huntington_Bancshares_2008Q1.txt,0.5458219051361084,0.7270890474319458
HUNTINGTON BANCSHARES INC,2.0,0.25,0.4,transcripts_by_company/Huntington_Bancshares_Inc_2008Q2.txt,0.5662345290184021,0.5753241032361984
HUNTINGTON BANCSHARES INC,3.0,0.28,0.37,transcripts_by_company/Huntington_Bancshares_2008Q3.txt,0.4859500825405121,0.757024958729744
HUNTINGTON BANCSHARES INC,4.0,-1.2,0.33,transcripts_by_company/Huntington_Bancshares_2008Q4.txt,0.6078973412513733,0.0
HUNTINGTON BANCSHARES INC,1.0,-6.79,0.26,transcripts_by_company/Huntington_Bancshares_2009Q1.txt,0.5760942697525024,0.0
HUNTINGTON BANCSHARES INC,2.0,-0.4,0.16,transcripts_by_company/Huntington_Bancshares_2009Q2.txt,0.645861804485321,0.0
HUNTINGTON BANCSHARES INC,3.0,-0.33,-0.05,transcripts_by_company/Huntington_Bancshares_2009Q3.txt,0.6012195944786072,0.0
HUNTINGTON BANCSHARES INC,4.0,-0.56,-0.11,transcripts_by_company/Huntington_Bancshares_2009Q4.txt,0.6049480438232422,0.0
HUNTINGTON BANCSHARES INC,1.0,0.01,-0.15,transcripts_by_company/Huntington_Bancshares_2010Q1.txt,0.6736901998519897,0.0
HUNTINGTON BANCSHARES INC,2.0,0.03,-0.13,transcripts_by_company/Huntington_Bancshares_2010Q2.txt,0.6385021209716797,0.0
HUNTINGTON BANCSHARES INC,3.0,0.1,-0.05,transcripts_by_company/Huntington_Bancshares_2010Q3.txt,0.6849430799484253,0.0
HUNTINGTON BANCSHARES INC,4.0,0.12,0.02,transcripts_by_company/Huntington_Bancshares_2010Q4.txt,0.6641930341720581,0.0
HUNTINGTON BANCSHARES INC,1.0,0.14,0.08,transcripts_by_company/Huntington_Bancshares_2011Q1.txt,0.6308391690254211,0.053741246461868175
HUNTINGTON BANCSHARES INC,2.0,0.16,0.12,transcripts_by_company/Huntington_Bancshares_Inc_2011Q2.txt,0.6904659867286682,0.5396893421808877
HUNTINGTON BANCSHARES INC,3.0,0.16,0.14,transcripts_by_company/Huntington_Bancshares_Inc_2011Q3.txt,0.5929288864135742,0.7035355567932129
HUNTINGTON BANCSHARES INC,4.0,0.14,0.15,transcripts_by_company/Huntington_Bancshares_Inc_2011Q4.txt,0.5343058109283447,0.7328470945358276
HUNTINGTON BANCSHARES INC,1.0,0.17,0.15,transcripts_by_company/Huntington_Bancshares_Inc_2012Q1.txt,0.6228181719779968,0.6885909140110016
HUNTINGTON BANCSHARES INC,2.0,0.17,0.15,transcripts_by_company/Huntington_Bancshares_Inc_2012Q2.txt,0.5505431294441223,0.7247284352779388
HUNTINGTON BANCSHARES INC,3.0,0.19,0.15,transcripts_by_company/Huntington_Bancshares_Incorporated_2012Q3.txt,0.7148921489715576,0.6187241872151692
HUNTINGTON BANCSHARES INC,4.0,0.19,0.15,transcripts_by_company/Huntington_Bancshares_Inc_2012Q4.txt,0.663795530796051,0.6459757169087728
HUNTINGTON BANCSHARES INC,1.0,0.17,0.16,transcripts_by_company/Huntington_Bancshares_Inc_2013Q1.txt,0.5499469041824341,0.725026547908783
HUNTINGTON BANCSHARES INC,2.0,0.17,0.17,transcripts_by_company/Huntington_Bancshares_2013Q2.txt,0.5709714889526367,0.7145142555236816
HUNTINGTON BANCSHARES INC,3.0,0.18,0.17,transcripts_by_company/Huntington_Bancshares_Incorporated_2013Q3.txt,0.6361425518989563,0.6819287240505219
HUNTINGTON BANCSHARES INC,4.0,0.18,0.17,transcripts_by_company/Huntington_Bancshares_Inc_2013Q4.txt,0.5855162739753723,0.7072418630123138
HUNTINGTON BANCSHARES INC,1.0,0.17,0.17,transcripts_by_company/Huntington_Bancshares_Incorporated_2014Q1.txt,0.588232696056366,0.705883651971817
HUNTINGTON BANCSHARES INC,2.0,0.19,0.18,transcripts_by_company/Huntington_Bancshares_Inc_2014Q2.txt,0.5927743911743164,0.7036128044128418
HUNTINGTON BANCSHARES INC,3.0,0.18,0.19,transcripts_by_company/Huntington_Bancshares_Inc_2014Q3.txt,0.577304482460022,0.711347758769989
HUNTINGTON BANCSHARES INC,4.0,0.19,0.18,transcripts_by_company/Huntington_Bancshares_Inc_2014Q4.txt,0.6204878091812134,0.6897560954093933
HUNTINGTON BANCSHARES INC,1.0,0.19,0.19,transcripts_by_company/Huntington_Bancshares_Inc_2015Q1.txt,0.5644999146461487,0.7177500426769257
HUNTINGTON BANCSHARES INC,2.0,0.23,0.2,transcripts_by_company/Huntington_Bancshares_Inc_2015Q2.txt,0.5896613597869873,0.7051693201065063
HUNTINGTON BANCSHARES INC,3.0,0.18,0.21,transcripts_by_company/Huntington_Bancshares_Incorporated_2015Q3.txt,0.576450765132904,0.711774617433548
HUNTINGTON BANCSHARES INC,4.0,0.21,0.21,transcripts_by_company/Huntington_Bancshares_Inc_2015Q4.txt,0.5892929434776306,0.7053535282611847
HUNTINGTON BANCSHARES INC,1.0,0.2,0.21,transcripts_by_company/Huntington_Bancshares_Incorporated_2016Q1.txt,0.5368640422821045,0.7315679788589478
HUNTINGTON BANCSHARES INC,2.0,0.19,0.22,transcripts_by_company/Huntington_Bancshares_Incorporated_2016Q2.txt,0.528203010559082,0.735898494720459
HUNTINGTON BANCSHARES INC,3.0,0.11,0.22,transcripts_by_company/Huntington_Bancshares_Inc_2016Q3.txt,0.6218105554580688,0.37818944454193115
HUNTINGTON BANCSHARES INC,4.0,0.18,0.2,transcripts_by_company/Huntington_Bancshares_Inc_2016Q4.txt,0.5550454258918762,0.7224772870540619
HUNTINGTON BANCSHARES INC,1.0,0.17,0.2,transcripts_by_company/Huntington_Bancshares_Inc_2017Q1.txt,0.5580247640609741,0.7209876179695129
HUNTINGTON BANCSHARES INC,2.0,0.23,0.23,transcripts_by_company/Huntington_Bancshares_Incorporated_2017Q2.txt,0.5968408584594727,0.7015795707702637
HUNTINGTON BANCSHARES INC,3.0,0.23,0.25,transcripts_by_company/Huntington_Bancshares_Incorporated_2017Q3.txt,0.5586473345756531,0.7206763327121735
HUNTINGTON BANCSHARES INC,4.0,0.26,0.26,transcripts_by_company/Huntington_Bancshares_Incorporated_2017Q4.txt,0.592449963092804,0.703775018453598
HUNTINGTON BANCSHARES INC,1.0,0.28,0.25,transcripts_by_company/Huntington_Bancshares_Incorporated_2018Q1.txt,0.6190003156661987,0.6904998421669006
HUNTINGTON BANCSHARES INC,2.0,0.3,0.29,transcripts_by_company/Huntington_Bancshares_Incorporated_2018Q2.txt,0.6165245771408081,0.691737711429596
HUNTINGTON BANCSHARES INC,3.0,0.33,0.31,transcripts_by_company/Huntington_Bancshares_Incorporated_2018Q3.txt,0.6203712821006775,0.6898143589496613
HUNTINGTON BANCSHARES INC,4.0,0.29,0.33,transcripts_by_company/Huntington_Bancshares_Incorporated_2018Q4.txt,0.5798969864845276,0.7100515067577362
HUNTINGTON BANCSHARES INC,1.0,0.32,0.32,transcripts_by_company/Huntington_Bancshares_Incorporated_2019Q1.txt,0.5761733651161194,0.7119133174419403
HUNTINGTON BANCSHARES INC,2.0,0.33,0.33,transcripts_by_company/Huntington_Bancshares_Incorporated_2019Q2.txt,0.5231702327728271,0.7384148836135864
HUNTINGTON BANCSHARES INC,4.0,0.28,0.34,transcripts_by_company/Huntington_Bancshares_Incorporated_2019Q4.txt,0.5402767658233643,0.7298616170883179
HUNTINGTON BANCSHARES INC,1.0,0.03,0.32,transcripts_by_company/Huntington_Bancshares_Incorporated_2020Q1.txt,0.632380485534668,0.0
HUNTINGTON BANCSHARES INC,2.0,0.13,0.32,transcripts_by_company/Huntington_Bancshares_Incorporated_2020Q2.txt,0.5876023769378662,0.3022221773862839
HUNTINGTON BANCSHARES INC,3.0,0.27,0.17,transcripts_by_company/Huntington_Bancshares_Incorporated_2020Q3.txt,0.6715023517608643,0.20999723322251262
HUNTINGTON BANCSHARES INC,4.0,0.27,0.21,transcripts_by_company/Huntington_Bancshares_Incorporated_2020Q4.txt,0.6400570273399353,0.6342531272343225
HUNTINGTON BANCSHARES INC,1.0,0.48,0.23,transcripts_by_company/Huntington_Bancshares_Incorporated_2021Q1.txt,0.6083433032035828,0.0
HUNTINGTON BANCSHARES INC,2.0,0.35,0.26,transcripts_by_company/Huntington_Bancshares_Incorporated_2021Q2.txt,0.6417683362960815,0.5556988441027129
HUNTINGTON BANCSHARES INC,3.0,0.22,0.28,transcripts_by_company/Huntington_Bancshares_Incorporated_2021Q3.txt,0.5321855545043945,0.7339072227478027
HUNTINGTON BANCSHARES INC,4.0,0.26,0.35,transcripts_by_company/Huntington_Bancshares_Incorporated_2021Q4.txt,0.5577839016914368,0.7131397077015469
HUNTINGTON BANCSHARES INC,1.0,0.29,0.32,transcripts_by_company/Huntington_Bancshares_Incorporated_2022Q1.txt,0.596056342124939,0.7019718289375305
HUNTINGTON BANCSHARES INC,2.0,0.35,0.34,transcripts_by_company/Huntington_Bancshares_Incorporated_2022Q2.txt,0.6035757064819336,0.6982121467590332
HUNTINGTON BANCSHARES INC,3.0,0.39,0.36,transcripts_by_company/Huntington_Bancshares_Incorporated_2022Q3.txt,0.606804370880127,0.6965978145599365
HUNTINGTON BANCSHARES INC,4.0,0.42,0.38,transcripts_by_company/Huntington_Bancshares_Incorporated_2022Q4.txt,0.5915883183479309,0.7042058408260345
HUNTINGTON BANCSHARES INC,1.0,0.39,0.36,transcripts_by_company/Huntington_Bancshares_Incorporated_2023Q1.txt,0.6104531288146973,0.6947734355926514
HUNTINGTON BANCSHARES INC,2.0,0.35,0.38,transcripts_by_company/Huntington_Bancshares_Incorporated_2023Q2.txt,0.4850768744945526,0.7574615627527237
HUNTINGTON BANCSHARES INC,3.0,0.36,0.38,transcripts_by_company/Huntington_Bancshares_Incorporated_2023Q3.txt,0.5138453841209412,0.7430773079395294
HUNTINGTON BANCSHARES INC,4.0,0.3,0.32,transcripts_by_company/Huntington_Bancshares_Incorporated_2023Q4.txt,0.5728999376296997,0.7135500311851501
PRINCIPAL FINANCIAL GROUP INC,1.0,0.52,0.51,transcripts_by_company/PRINCIPAL_FINANCIAL_GROUP_2002Q1.txt,0.6147976517677307,0.6926011741161346
PRINCIPAL FINANCIAL GROUP INC,1.0,0.63,0.55,transcripts_by_company/Principal_Financial_Group_Inc_2003Q1.txt,0.5608602166175842,0.7195698916912079
PRINCIPAL FINANCIAL GROUP INC,2.0,0.67,0.58,transcripts_by_company/The_Principal_Financial_Group_2003Q2.txt,0.608866810798645,0.6955665946006775
PRINCIPAL FINANCIAL GROUP INC,3.0,0.63,0.59,transcripts_by_company/The_Principal_Financial_Group_2003Q3.txt,0.6025897860527039,0.6987051069736481
PRINCIPAL FINANCIAL GROUP INC,4.0,0.46,0.61,transcripts_by_company/Principal_Financial_Group_2003Q4.txt,0.5768160820007324,0.7115919589996338
PRINCIPAL FINANCIAL GROUP INC,2.0,0.54,0.67,transcripts_by_company/Principal_Financial_Group_Inc_2004Q2.txt,0.5575689673423767,0.7212155163288116
PRINCIPAL FINANCIAL GROUP INC,3.0,0.66,0.7,transcripts_by_company/The_Principal_Financial_Group_2004Q3.txt,0.6014807820320129,0.6992596089839935
PRINCIPAL FINANCIAL GROUP INC,1.0,0.69,0.65,transcripts_by_company/Principal_Financial_Group_2005Q1.txt,0.6112172603607178,0.6943913698196411
PRINCIPAL FINANCIAL GROUP INC,2.0,0.76,0.66,transcripts_by_company/Principal_Financial_Group_2005Q2.txt,0.6066208481788635,0.6966895759105682
PRINCIPAL FINANCIAL GROUP INC,3.0,0.75,0.68,transcripts_by_company/The_Principal_Financial_Group_2005Q3.txt,0.6087464094161987,0.6956267952919006
PRINCIPAL FINANCIAL GROUP INC,1.0,0.85,0.75,transcripts_by_company/Principal_Financial_Group_Inc_2006Q1.txt,0.6541748642921448,0.6729125678539276
PRINCIPAL FINANCIAL GROUP INC,2.0,0.82,0.78,transcripts_by_company/The_Principal_Financial_Group_2006Q2.txt,0.6399407982826233,0.6800296008586884
PRINCIPAL FINANCIAL GROUP INC,3.0,0.94,0.8,transcripts_by_company/The_Principal_Financial_Group_2006Q3.txt,0.566949188709259,0.7165254056453705
PRINCIPAL FINANCIAL GROUP INC,4.0,0.93,0.84,transcripts_by_company/The_Principal_Financial_Group_2006Q4.txt,0.5968965291976929,0.7015517354011536
PRINCIPAL FINANCIAL GROUP INC,1.0,0.87,0.87,transcripts_by_company/Principal_Financial_Group_Inc_2007Q1.txt,0.5674798488616943,0.7162600755691528
PRINCIPAL FINANCIAL GROUP INC,2.0,1.05,0.95,transcripts_by_company/Principal_Financial_Group_Inc_2007Q2.txt,0.5987080335617065,0.7006459832191467
PRINCIPAL FINANCIAL GROUP INC,3.0,1.17,0.99,transcripts_by_company/Principal_Financial_Group_2007Q3.txt,0.6350154280662537,0.6824922859668732
PRINCIPAL FINANCIAL GROUP INC,4.0,0.86,1.01,transcripts_by_company/Principal_Financial_Group_Inc_2007Q4.txt,0.6035276651382446,0.6982361674308777
PRINCIPAL FINANCIAL GROUP INC,1.0,0.92,1.07,transcripts_by_company/Principal_Financial_Group_2008Q1.txt,0.5910265445709229,0.7044867277145386
PRINCIPAL FINANCIAL GROUP INC,2.0,0.97,1.08,transcripts_by_company/The_Principal_Financial_Group_2008Q2.txt,0.5715877413749695,0.7142061293125153
PRINCIPAL FINANCIAL GROUP INC,3.0,0.96,1.03,transcripts_by_company/The_Principal_Financial_Group_2008Q3.txt,0.6006573438644409,0.6996713280677795
PRINCIPAL FINANCIAL GROUP INC,4.0,0.69,0.99,transcripts_by_company/The_Principal_Financial_Group_2008Q4.txt,0.5805687308311462,0.6481401631326386
PRINCIPAL FINANCIAL GROUP INC,1.0,0.63,1.03,transcripts_by_company/Principal_Financial_Group_Inc_2009Q1.txt,0.5765784978866577,0.5521720404763824
PRINCIPAL FINANCIAL GROUP INC,2.0,0.69,0.78,transcripts_by_company/Principal_Financial_Group_Inc_2009Q2.txt,0.5863916277885437,0.7068041861057281
PRINCIPAL FINANCIAL GROUP INC,3.0,0.74,0.71,transcripts_by_company/The_Principal_Financial_Group_2009Q3.txt,0.6373229026794434,0.6813385486602783
PRINCIPAL FINANCIAL GROUP INC,4.0,0.62,0.59,transcripts_by_company/The_Principal_Financial_Group_2009Q4.txt,0.577060878276825,0.7114695608615875
PRINCIPAL FINANCIAL GROUP INC,1.0,0.69,0.72,transcripts_by_company/Principal_Financial_Group_Inc_2010Q1.txt,0.5998634099960327,0.7000682950019836
PRINCIPAL FINANCIAL GROUP INC,2.0,0.59,0.69,transcripts_by_company/The_Principal_Financial_Group_2010Q2.txt,0.6534181833267212,0.6732909083366394
PRINCIPAL FINANCIAL GROUP INC,3.0,0.68,0.68,transcripts_by_company/Principal_Financial_Group_2010Q3.txt,0.6085790991783142,0.6957104504108429
PRINCIPAL FINANCIAL GROUP INC,4.0,0.66,0.63,transcripts_by_company/The_Principal_Financial_Group_2010Q4.txt,0.5633257627487183,0.7183371186256409
PRINCIPAL FINANCIAL GROUP INC,1.0,0.71,0.69,transcripts_by_company/The_Principal_Financial_Group_2011Q1.txt,0.6428267955780029,0.6785866022109985
PRINCIPAL FINANCIAL GROUP INC,2.0,0.73,0.73,transcripts_by_company/Principal_Financial_Group_Inc_2011Q2.txt,0.5821754336357117,0.7089122831821442
PRINCIPAL FINANCIAL GROUP INC,3.0,0.61,0.75,transcripts_by_company/Unipol_Gruppo_Finanziario_SpA_2011Q3.txt,0.5800662040710449,0.7099668979644775
PRINCIPAL FINANCIAL GROUP INC,4.0,0.71,0.79,transcripts_by_company/Principal_Financial_Group_Inc_2011Q4.txt,0.608278214931488,0.695860892534256
PRINCIPAL FINANCIAL GROUP INC,1.0,0.7,0.77,transcripts_by_company/Unipol_Gruppo_Finanziario_SpA_2012Q1.txt,0.5872589349746704,0.7063705325126648
PRINCIPAL FINANCIAL GROUP INC,2.0,0.72,0.78,transcripts_by_company/The_Principal_Financial_Group_2012Q2.txt,0.5913566946983337,0.7043216526508331
PRINCIPAL FINANCIAL GROUP INC,3.0,0.45,0.81,transcripts_by_company/Principal_Financial_Group_Inc_2012Q3.txt,0.5332947373390198,0.5259602334764268
PRINCIPAL FINANCIAL GROUP INC,4.0,0.82,0.81,transcripts_by_company/Unipol_Gruppo_Finanziario_SpA_2012Q4.txt,0.5107256770133972,0.7446371614933014
PRINCIPAL FINANCIAL GROUP INC,1.0,0.79,0.78,transcripts_by_company/Unipol_Gruppo_Finanziario_SpA_2013Q1.txt,0.583979070186615,0.7080104649066925
PRINCIPAL FINANCIAL GROUP INC,2.0,0.91,0.8,transcripts_by_company/Principal_Financial_Group_Inc_2013Q2.txt,0.62355637550354,0.68822181224823
PRINCIPAL FINANCIAL GROUP INC,3.0,0.9,0.84,transcripts_by_company/The_Principal_Financial_Group_2013Q3.txt,0.5922291874885559,0.703885406255722
PRINCIPAL FINANCIAL GROUP INC,4.0,0.96,0.87,transcripts_by_company/Principal_Financial_Group_Inc_2013Q4.txt,0.6202091574668884,0.6898954212665558
PRINCIPAL FINANCIAL GROUP INC,1.0,1.06,0.89,transcripts_by_company/Unipol_Gruppo_Finanziario_SpA_2014Q1.txt,0.6231101751327515,0.6884449124336243
PRINCIPAL FINANCIAL GROUP INC,2.0,1.08,0.96,transcripts_by_company/The_Principal_Financial_Group_2014Q2.txt,0.6010468006134033,0.6994765996932983
PRINCIPAL FINANCIAL GROUP INC,3.0,1.19,0.99,transcripts_by_company/Unipol_Gruppo_Finanziario_SpA_2014Q3.txt,0.6109134554862976,0.6945432722568512
PRINCIPAL FINANCIAL GROUP INC,4.0,1.09,1.04,transcripts_by_company/Principal_Financial_Group_Inc_2014Q4.txt,0.6142983436584473,0.6928508281707764
PRINCIPAL FINANCIAL GROUP INC,1.0,1.09,1.07,transcripts_by_company/The_Principal_Financial_Group_2015Q1.txt,0.6100430488586426,0.6949784755706787
PRINCIPAL FINANCIAL GROUP INC,2.0,1.09,1.09,transcripts_by_company/Principal_Financial_Group_Inc_2015Q2.txt,0.6302388310432434,0.6848805844783783
PRINCIPAL FINANCIAL GROUP INC,3.0,1.06,1.11,transcripts_by_company/Principal_Financial_Group_Inc_2015Q3.txt,0.589184045791626,0.705407977104187
PRINCIPAL FINANCIAL GROUP INC,4.0,1.02,1.13,transcripts_by_company/Principal_Financial_Group_Inc_2015Q4.txt,0.5672789216041565,0.7163605391979218
PRINCIPAL FINANCIAL GROUP INC,1.0,0.97,1.1,transcripts_by_company/Principal_Financial_Group_Inc_2016Q1.txt,0.5964270234107971,0.7017864882946014
PRINCIPAL FINANCIAL GROUP INC,2.0,1.15,1.09,transcripts_by_company/Principal_Financial_Group_2016Q2.txt,0.5261973738670349,0.7369013130664825
PRINCIPAL FINANCIAL GROUP INC,3.0,1.15,1.08,transcripts_by_company/Principal_Financial_Group_Inc_2016Q3.txt,0.6230599284172058,0.6884700357913971
PRINCIPAL FINANCIAL GROUP INC,4.0,1.27,1.12,transcripts_by_company/Principal_Financial_Group_Inc_2016Q4.txt,0.6017027497291565,0.6991486251354218
PRINCIPAL FINANCIAL GROUP INC,1.0,1.27,1.13,transcripts_by_company/Principal_Financial_Group_Inc_2017Q1.txt,0.6450788974761963,0.6774605512619019
PRINCIPAL FINANCIAL GROUP INC,2.0,1.31,1.2,transcripts_by_company/Unipol_Gruppo_Finanziario_SpA_2017Q2.txt,0.5579222440719604,0.7210388779640198
PRINCIPAL FINANCIAL GROUP INC,3.0,1.28,1.24,transcripts_by_company/Principal_Financial_Group_Inc_2017Q3.txt,0.6182642579078674,0.6908678710460663
PRINCIPAL FINANCIAL GROUP INC,4.0,1.19,1.3,transcripts_by_company/Principal_Financial_Group_Inc_2017Q4.txt,0.6173227429389954,0.6913386285305023
PRINCIPAL FINANCIAL GROUP INC,1.0,1.4,1.31,transcripts_by_company/Principal_Financial_Group_Inc_2018Q1.txt,0.6469334363937378,0.6765332818031311
PRINCIPAL FINANCIAL GROUP INC,2.0,1.35,1.46,transcripts_by_company/Principal_Financial_Group_Inc_2018Q2.txt,0.5925080180168152,0.7037459909915924
PRINCIPAL FINANCIAL GROUP INC,3.0,1.67,1.45,transcripts_by_company/Principal_Financial_Group_Inc_2018Q3.txt,0.6088897585868835,0.6955551207065582
PRINCIPAL FINANCIAL GROUP INC,4.0,1.11,1.45,transcripts_by_company/Principal_Financial_Group_Inc_2018Q4.txt,0.5302104949951172,0.7348947525024414
PRINCIPAL FINANCIAL GROUP INC,1.0,1.43,1.43,transcripts_by_company/Principal_Financial_Group_Inc_2019Q1.txt,0.5642338991165161,0.7178830504417419
PRINCIPAL FINANCIAL GROUP INC,2.0,1.52,1.41,transcripts_by_company/Principal_Financial_Group_Inc_2019Q2.txt,0.5867480635643005,0.7066259682178497
PRINCIPAL FINANCIAL GROUP INC,3.0,1.23,1.42,transcripts_by_company/Principal_Financial_Group_Inc_2019Q3.txt,0.5738880634307861,0.7130559682846069
PRINCIPAL FINANCIAL GROUP INC,4.0,1.41,1.44,transcripts_by_company/Principal_Financial_Group_Inc_2019Q4.txt,0.5522525310516357,0.7238737344741821
PRINCIPAL FINANCIAL GROUP INC,1.0,1.15,1.45,transcripts_by_company/Principal_Financial_Group_Inc_2020Q1.txt,0.5999970436096191,0.7000014781951904
PRINCIPAL FINANCIAL GROUP INC,2.0,1.46,1.48,transcripts_by_company/Principal_Financial_Group_Inc_2020Q2.txt,0.5226427912712097,0.7386786043643951
PRINCIPAL FINANCIAL GROUP INC,3.0,0.85,1.36,transcripts_by_company/Principal_Financial_Group_Inc_2020Q3.txt,0.5771560668945312,0.5671329498291016
PRINCIPAL FINANCIAL GROUP INC,4.0,1.48,1.31,transcripts_by_company/Principal_Financial_Group_Inc_2020Q4.txt,0.6125802993774414,0.6937098503112793
PRINCIPAL FINANCIAL GROUP INC,1.0,1.53,1.43,transcripts_by_company/Principal_Financial_Group_Inc_2021Q1.txt,0.5261251330375671,0.7369374334812164
PRINCIPAL FINANCIAL GROUP INC,2.0,1.7,1.52,transcripts_by_company/Principal_Financial_Group_Inc_2021Q2.txt,0.5530171990394592,0.7234914004802704
PRINCIPAL FINANCIAL GROUP INC,3.0,1.69,1.56,transcripts_by_company/Principal_Financial_Group_Inc_2021Q3.txt,0.6141641139984131,0.6929179430007935
PRINCIPAL FINANCIAL GROUP INC,4.0,1.85,1.63,transcripts_by_company/Principal_Financial_Group_Inc_2021Q4.txt,0.6016062498092651,0.6991968750953674
PRINCIPAL FINANCIAL GROUP INC,1.0,1.63,1.66,transcripts_by_company/Principal_Financial_Group_Inc_2022Q1.txt,0.5047629475593567,0.7476185262203217
PRINCIPAL FINANCIAL GROUP INC,2.0,1.65,1.76,transcripts_by_company/Principal_Financial_Group_Inc_2022Q2.txt,0.5119858980178833,0.7440070509910583
PRINCIPAL FINANCIAL GROUP INC,3.0,1.69,1.73,transcripts_by_company/Principal_Financial_Group_Inc_2022Q3.txt,0.6209524869918823,0.6895237565040588
PRINCIPAL FINANCIAL GROUP INC,4.0,1.7,1.62,transcripts_by_company/Principal_Financial_Group_Inc_2022Q4.txt,0.6191242337226868,0.6904378831386566
PRINCIPAL FINANCIAL GROUP INC,1.0,1.48,1.66,transcripts_by_company/Principal_Financial_Group_Inc_2023Q1.txt,0.5703127980232239,0.7148436009883881
PRINCIPAL FINANCIAL GROUP INC,2.0,1.53,1.78,transcripts_by_company/Principal_Financial_Group_Inc_2023Q2.txt,0.5358279347419739,0.7320860326290131
PRINCIPAL FINANCIAL GROUP INC,3.0,1.72,1.74,transcripts_by_company/Principal_Financial_Group_Inc_2023Q3.txt,0.5744406580924988,0.7127796709537506
PRINCIPAL FINANCIAL GROUP INC,4.0,1.83,1.8,transcripts_by_company/Principal_Financial_Group_Inc_2023Q4.txt,0.6053590178489685,0.6973204910755157
